CP-nofirst.out,"CP-RANK-DEL-nofirst
","burma14-3.1.json
"
CP-nofirst.out,"CP-RANK-ADD-nofirst
","burma14-3.1.json
"
CP-nofirst.out,"CP-RANK-ADD-nofirst
","ulysses22-5.5.json
"
CP-nofirst.out,"CP-RANK-ADD-nofirst
","berlin52-10.4.json
"
CP-nofirst.out,"CP-RANK-DEL-nofirst
","ulysses22-5.5.json
"
CP-nofirst.out,"CP-ADD-nofirst
","burma14-3.1.json
"
CP-nofirst.out,"CP-RANK-DEL-nofirst
","berlin52-10.4.json
"
CP-nofirst.out,"CP-RANK-DEL-nofirst
","berlin52-13.2.json
"
CP-nofirst.out,"CP-RANK-DEL-nofirst
","eil101-27.5.json
"
CP-nofirst.out,"CP-RANK-ADD-nofirst
","berlin52-13.2.json
"
CP-nofirst.out,"CP-ADD-nofirst
","berlin52-10.4.json
"
CP-nofirst.out,"CP-ADD-nofirst
","berlin52-13.2.json
"
CP-nofirst.out,"CP-RANK-ADD-nofirst
","eil101-27.5.json
"
CP-nofirst.out,"CP-ADD-nofirst
","eil101-27.5.json
"
CP-nofirst.out,"CP-DEL-nofirst
","burma14-3.1.json
"
CP-nofirst.out,"CP-ADD-nofirst
","ulysses22-5.5.json
"
CP-nofirst.out,"CP-RANK-ADD-nofirst
","gr202-67.3.json
"
CP-nofirst.out,"CP-ADD-nofirst
","gr202-67.3.json
"
CP-nofirst.out,"CP-RANK-ADD-nofirst
","lin318-99.3.json
"
CP-nofirst.out,"CP-RANK-ADD-nofirst
","fl417-160.6.json
"
CP-nofirst.out,"CP-RANK-ADD-nofirst
","rat783-481.4.json
"
CP-nofirst.out,"CP-RANK-ADD-nofirst
","vm1084-848.9.json
"
CP-nofirst.out,"CP-RANK-ADD-nofirst
","d657-322.7.json
"
CP-nofirst.out,"CP-ADD-nofirst
","fl417-160.6.json
"
CP-nofirst.out,"CP-DEL-nofirst
","ulysses22-5.5.json
"
CP-nofirst.out,"CP-ADD-nofirst
","d657-322.7.json
"
CP-nofirst.out,"CP-RANK-DEL-nofirst
","gr202-67.3.json
"
CP-nofirst.out,"CP-ADD-nofirst
","lin318-99.3.json
"
CP-nofirst.out,"CP-ADD-nofirst
","rat783-481.4.json
"
CP-nofirst.out,"CP-RANK-DEL-nofirst
","lin318-99.3.json
"
CP-nofirst.out,"CP-DEL-nofirst
","berlin52-10.4.json
"
CP-nofirst.out,"CP-DEL-nofirst
","berlin52-13.2.json
"
CP-nofirst.out,"CP-DEL-nofirst
","eil101-27.5.json
"
CP-nofirst.out,"CP-DEL-nofirst
","gr202-67.3.json
"
CP-nofirst.out,"CP-DEL-nofirst
","lin318-99.3.json
"
CP-nofirst.out,"CP-DEL-nofirst
","fl417-160.6.json
"
CP-nofirst.out,"CP-DEL-nofirst
","d657-322.7.json
"
CP-nofirst.out,"CP-DEL-nofirst
","rat783-481.4.json
"
CP-nofirst.out,"CP-RANK-DEL-nofirst
","fl417-160.6.json
"
CP-nofirst.out,"CP-ADD-nofirst
","vm1084-848.9.json
"
CP-nofirst.out,"CP-DEL-nofirst
","vm1084-848.9.json
"
CP-RANK-DEL-nofirst.out,"CP-RANK-DEL-nofirst
","burma14-3.1.json
"
CP-RANK-DEL-nofirst.out,"CP-RANK-DEL-nofirst
","ulysses22-5.5.json
"
CP-RANK-DEL-nofirst.out,"CP-RANK-DEL-nofirst
","berlin52-10.4.json
"
CP-RANK-DEL-nofirst.out,"CP-RANK-DEL-nofirst
","berlin52-13.2.json
"
CP-RANK-DEL-nofirst.out,"CP-RANK-DEL-nofirst
","eil101-27.5.json
"
CP-RANK-DEL-nofirst.out,"CP-RANK-DEL-nofirst
","gr202-67.3.json
"
CP-RANK-DEL-nofirst.out,"CP-RANK-DEL-nofirst
","fl417-160.6.json
"
CP-RANK-DEL-nofirst.out,"CP-RANK-DEL-nofirst
","lin318-99.3.json
"
CP-RANK-DEL-nofirst.out,"CP-RANK-DEL-nofirst
","rat783-481.4.json
"
CP-RANK-DEL-nofirst.out,"CP-RANK-DEL-nofirst
","vm1084-848.9.json
"
CP-RANK-DEL-nofirst.out,"CP-RANK-DEL-nofirst
","d657-322.7.json
"
DIDP-nofirst.out,"DIDP-ADD-nofirst
","burma14-3.1.json
"
DIDP-nofirst.out,"DIDP-ADD-nofirst
","ulysses22-5.5.json
"
DIDP-nofirst.out,"DIDP-ADD-nofirst
","berlin52-10.4.json
"
DIDP-nofirst.out,"DIDP-DEL-nofirst
","burma14-3.1.json
"
DIDP-nofirst.out,"DIDP-DEL-nofirst
","gr202-67.3.json
"
DIDP-nofirst.out,"DIDP-ADD-nofirst
","gr202-67.3.json
"
DIDP-nofirst.out,"DIDP-ADD-nofirst
","lin318-99.3.json
"
DIDP-nofirst.out,"DIDP-DEL-nofirst
","lin318-99.3.json
"
DIDP-nofirst.out,"DIDP-ADD-nofirst
","fl417-160.6.json
"
DIDP-nofirst.out,"DIDP-DEL-nofirst
","fl417-160.6.json
"
DIDP-nofirst.out,"DIDP-DEL-nofirst
","eil101-27.5.json
"
DIDP-nofirst.out,"DIDP-ADD-nofirst
","eil101-27.5.json
"
DIDP-nofirst.out,"DIDP-DEL-nofirst
","d657-322.7.json
"
DIDP-nofirst.out,"DIDP-ADD-nofirst
","d657-322.7.json
"
DIDP-nofirst.out,"DIDP-DEL-nofirst
","rat783-481.4.json
"
DIDP-nofirst.out,"DIDP-ADD-nofirst
","rat783-481.4.json
"
DIDP-nofirst.out,"DIDP-DEL-nofirst
","berlin52-13.2.json
"
DIDP-nofirst.out,"DIDP-DEL-nofirst
","vm1084-848.9.json
"
DIDP-nofirst.out,"DIDP-ADD-nofirst
","vm1084-848.9.json
"
DIDP-nofirst.out,"DIDP-DEL-nofirst
","berlin52-10.4.json
"
DIDP-nofirst.out,"DIDP-DEL-nofirst
","ulysses22-5.5.json
"
DIDP-nofirst.out,"DIDP-ADD-nofirst
","berlin52-13.2.json
"
MIP-nofirst.out,"MIP-ADD-nofirst
","burma14-3.1.json
"
MIP-nofirst.out,"MIP-DEL-nofirst
","burma14-3.1.json
"
MIP-nofirst.out,"MIP-DEL-nofirst
","ulysses22-5.5.json
"
MIP-nofirst.out,"MIP-ADD-nofirst
","ulysses22-5.5.json
"
MIP-nofirst.out,"MIP-DEL-nofirst
","berlin52-10.4.json
"
MIP-nofirst.out,"MIP-ADD-nofirst
","berlin52-10.4.json
"
MIP-nofirst.out,"MIP-ADD-nofirst
","berlin52-13.2.json
"
MIP-nofirst.out,"MIP-DEL-nofirst
","berlin52-13.2.json
"
MIP-nofirst.out,"MIP-ADD-nofirst
","gr202-67.3.json
"
MIP-nofirst.out,"MIP-ADD-nofirst
","lin318-99.3.json
"
MIP-nofirst.out,"MIP-ADD-nofirst
","fl417-160.6.json
"
MIP-nofirst.out,"MIP-DEL-nofirst
","fl417-160.6.json
"
MIP-nofirst.out,"MIP-DEL-nofirst
","eil101-27.5.json
"
MIP-nofirst.out,"MIP-ADD-nofirst
","eil101-27.5.json
"
MIP-nofirst.out,"MIP-DEL-nofirst
","lin318-99.3.json
"
MIP-nofirst.out,"MIP-DEL-nofirst
","rat783-481.4.json
"
MIP-nofirst.out,"MIP-DEL-nofirst
","vm1084-848.9.json
"
MIP-nofirst.out,"MIP-ADD-nofirst
","vm1084-848.9.json
"
